{
  "best_params": {
    "num_leaves": 5,
    "min_data_in_leaf": 8,
    "feature_fraction": 0.8430821796909969,
    "feature_fraction_bynode": 0.7221274324621054,
    "bagging_fraction": 0.7811445102454865,
    "lambda_l1": 0.0008293575780392396,
    "lambda_l2": 0.0001245648439906911,
    "min_gain_to_split": 1.832885154142741,
    "max_depth": 7,
    "extra_trees": true,
    "learning_rate": 0.2344112136028501
  },
  "phase1_best_value": 0.9015350400413781,
  "validation_best_value": 0.8883191581396248,
  "validation_results": [
    {
      "trial_number": 12,
      "phase1_mlogloss": 0.9015350400413781,
      "validation_mlogloss": 0.8945750673981425,
      "params": {
        "num_leaves": 12,
        "min_data_in_leaf": 5,
        "feature_fraction": 0.8437044074986493,
        "feature_fraction_bynode": 0.7210323600337835,
        "bagging_fraction": 0.9537317575457511,
        "lambda_l1": 1.0190371463578662,
        "lambda_l2": 0.43842952152093634,
        "min_gain_to_split": 2.3619453633637195,
        "max_depth": 8,
        "extra_trees": true,
        "learning_rate": 0.2287143154096321
      }
    },
    {
      "trial_number": 11,
      "phase1_mlogloss": 0.9054091025361619,
      "validation_mlogloss": 0.8890581736248178,
      "params": {
        "num_leaves": 14,
        "min_data_in_leaf": 4,
        "feature_fraction": 0.854266896620638,
        "feature_fraction_bynode": 0.8221330698656525,
        "bagging_fraction": 0.9935781929792424,
        "lambda_l1": 0.0011252642780796194,
        "lambda_l2": 0.09666706826006544,
        "min_gain_to_split": 4.271971985654501,
        "max_depth": 5,
        "extra_trees": false,
        "learning_rate": 0.1411524093138501
      }
    },
    {
      "trial_number": 4,
      "phase1_mlogloss": 0.9139245433833965,
      "validation_mlogloss": 0.8883191581396248,
      "params": {
        "num_leaves": 5,
        "min_data_in_leaf": 8,
        "feature_fraction": 0.8430821796909969,
        "feature_fraction_bynode": 0.7221274324621054,
        "bagging_fraction": 0.7811445102454865,
        "lambda_l1": 0.0008293575780392396,
        "lambda_l2": 0.0001245648439906911,
        "min_gain_to_split": 1.832885154142741,
        "max_depth": 7,
        "extra_trees": true,
        "learning_rate": 0.2344112136028501
      }
    }
  ],
  "final_mean_accuracy": 0.4901348651348652,
  "final_mean_sortino": -3132083220.39115,
  "n_features": 3665,
  "n_valid_samples": 1144,
  "phase1_time": 24.53960418701172,
  "validation_time": 23.271140098571777,
  "final_time": 67.53789258003235,
  "warmstart_from": null,
  "phase1_trials": 15,
  "validation_top_k": 3,
  "row_subsample": 1.0
}