{
  "tf": "1w",
  "n_total_features": 2649,
  "n_folds": 28,
  "timings": {
    "stage1_gain": 0.0020279884338378906,
    "stage2_stability": 0.0077517032623291016,
    "stage3_sign": 0.24474191665649414,
    "stage4_composite": 0.00879049301147461,
    "stage10_diagnostics": 0.00467991828918457
  },
  "n_nonzero_per_fold": [
    "44",
    "36",
    "28",
    "18",
    "8",
    "34",
    "10",
    "7",
    "22",
    "15",
    "9",
    "23",
    "10",
    "20",
    "6",
    "5",
    "23",
    "8",
    "11",
    "5",
    "12",
    "6",
    "26",
    "25",
    "24",
    "11",
    "11",
    "30"
  ],
  "n_nonzero_any_fold": 98,
  "stability_N": 500,
  "n_candidates": 98,
  "n_stable_75pct": 1,
  "n_pass_all_filters": 1,
  "overfitting_diagnostics": {
    "entropy": {
      "H": 3.3574,
      "H_normalized": 0.7323,
      "gini_concentration": 0.7433,
      "effective_features": 28.7,
      "interpretation": "BORDERLINE"
    },
    "jaccard": {
      "mean_jaccard": 0.1764,
      "pairwise_values": [
        0.4545,
        0.3846,
        0.1923,
        0.0833,
        0.3684,
        0.125,
        0.0625,
        0.2453,
        0.2826,
        0.1778,
        0.34,
        0.1739,
        0.28,
        0.1111,
        0.0652,
        0.2885,
        0.1064,
        0.1458,
        0.0652,
        0.2174,
        0.1111,
        0.2727,
        0.2545,
        0.283,
        0.1458,
        0.0784,
        0.3704,
        0.3333,
        0.2,
        0.0476,
        0.2069,
        0.122,
        0.1622,
        0.3488,
        0.275,
        0.1538,
        0.3111,
        0.1795,
        0.2727,
        0.05,
        0.0789,
        0.2041,
        0.0732,
        0.1463,
        0.025,
        0.1163,
        0.1667,
        0.1923,
        0.22,
        0.2,
        0.119,
        0.0444,
        0.2692,
        0.2105,
        0.125,
        0.24,
        0.1176,
        0.1667,
        0.25,
        0.2647,
        0.1562,
        0.4167,
        0.1176,
        0.2632,
        0.0968,
        0.1379,
        0.2439,
        0.1613,
        0.2188,
        0.1,
        0.1429,
        0.1333,
        0.2,
        0.2619,
        0.3,
        0.1818,
        0.1143,
        0.3182,
        0.1304,
        0.2093,
        0.0,
        0.087,
        0.1765,
        0.2692,
        0.1739,
        0.2059,
        0.1667,
        0.1875,
        0.0435,
        0.0952,
        0.2424,
        0.1304,
        0.2609,
        0.15,
        0.25,
        0.1429,
        0.3333,
        0.303,
        0.2727,
        0.0741,
        0.0741,
        0.2632,
        0.1351,
        0.0588,
        0.0714,
        0.1111,
        0.0952,
        0.0625,
        0.1481,
        0.2,
        0.1667,
        0.2727,
        0.1818,
        0.069,
        0.2308,
        0.1875,
        0.1818,
        0.0526,
        0.0769,
        0.1724,
        0.1,
        0.1429,
        0.1176,
        0.1176,
        0.1875,
        0.1,
        0.0513,
        0.1915,
        0.2895,
        0.1944,
        0.3902,
        0.1579,
        0.2857,
        0.1765,
        0.0541,
        0.2667,
        0.1667,
        0.1842,
        0.0833,
        0.2432,
        0.1111,
        0.3043,
        0.2826,
        0.3488,
        0.25,
        0.1538,
        0.4222,
        0.0625,
        0.0323,
        0.0417,
        0.0,
        0.0645,
        0.0,
        0.1111,
        0.0667,
        0.0714,
        0.1,
        0.0588,
        0.05,
        0.0,
        0.0,
        0.0667,
        0.0909,
        0.0938,
        0.0303,
        0.1053,
        0.05,
        0.0811,
        0.1154,
        0.1,
        0.0,
        0.1111,
        0.1333,
        0.125,
        0.0,
        0.2,
        0.0714,
        0.0714,
        0.2,
        0.0909,
        0.0556,
        0.0833,
        0.1,
        0.1034,
        0.1071,
        0.2,
        0.0588,
        0.0882,
        0.2333,
        0.1481,
        0.3235,
        0.1852,
        0.2727,
        0.0769,
        0.08,
        0.2162,
        0.1111,
        0.2222,
        0.125,
        0.1333,
        0.12,
        0.2632,
        0.2368,
        0.2778,
        0.1379,
        0.1,
        0.2381,
        0.2,
        0.3103,
        0.25,
        0.3462,
        0.1667,
        0.1765,
        0.2258,
        0.15,
        0.3,
        0.0526,
        0.2857,
        0.1667,
        0.2059,
        0.3333,
        0.2581,
        0.3,
        0.0833,
        0.3636,
        0.2308,
        0.1176,
        0.2609,
        0.1538,
        0.0769,
        0.2308,
        0.1333,
        0.0526,
        0.2727,
        0.1053,
        0.1538,
        0.1667,
        0.2143,
        0.2222,
        0.0526,
        0.0526,
        0.1471,
        0.32,
        0.303,
        0.1154,
        0.0769,
        0.2778,
        0.1071,
        0.1333,
        0.0769,
        0.2069,
        0.16,
        0.225,
        0.2632,
        0.2703,
        0.2143,
        0.0968,
        0.325,
        0.1538,
        0.3333,
        0.0714,
        0.0645,
        0.2,
        0.1053,
        0.0714,
        0.1579,
        0.2308,
        0.1613,
        0.129,
        0.1333,
        0.1053,
        0.0,
        0.25,
        0.2381,
        0.087,
        0.2647,
        0.1667,
        0.1923,
        0.087,
        0.1429,
        0.1304,
        0.3529,
        0.25,
        0.2941,
        0.2917,
        0.1481,
        0.3158,
        0.1,
        0.1154,
        0.5556,
        0.1333,
        0.1,
        0.0588,
        0.2,
        0.1429,
        0.069,
        0.1538,
        0.1333,
        0.0625,
        0.2,
        0.1667,
        0.1818,
        0.2308,
        0.25,
        0.1333,
        0.1,
        0.1071,
        0.1111,
        0.1154,
        0.0667,
        0.0667,
        0.129,
        0.1923,
        0.2143,
        0.2174,
        0.25,
        0.2083,
        0.3611,
        0.2632,
        0.2703,
        0.1333,
        0.1724,
        0.325,
        0.1875,
        0.1818,
        0.0526,
        0.1667,
        0.1724,
        0.1379,
        0.2308,
        0.1176,
        0.0556,
        0.2258,
        0.2308,
        0.2778,
        0.2143,
        0.2759,
        0.2,
        0.25,
        0.1,
        0.2222,
        0.2424,
        0.2143,
        0.1,
        0.1923,
        0.2,
        0.2083,
        0.0,
        0.1429,
        0.129,
        0.2,
        0.2667,
        0.2759,
        0.2857,
        0.0952,
        0.15,
        0.2727,
        0.1429,
        0.1071,
        0.1538,
        0.0,
        0.0625,
        0.125,
        0.3784,
        0.5152,
        0.1935,
        0.1935,
        0.4359,
        0.6333,
        0.2414,
        0.1613,
        0.3415,
        0.25,
        0.2069,
        0.35,
        0.1,
        0.2424,
        0.2424
      ],
      "interpretation": "UNSTABLE (likely noise memorization)"
    }
  }
}