{
  "tf": "1w",
  "n_total_features": 3665,
  "n_folds": 10,
  "timings": {
    "stage1_gain": 0.0007257461547851562,
    "stage2_stability": 0.005093812942504883,
    "stage3_sign": 0.1418614387512207,
    "stage4_composite": 0.007092714309692383,
    "stage10_diagnostics": 0.0015633106231689453
  },
  "n_nonzero_per_fold": [
    "32",
    "12",
    "11",
    "64",
    "12",
    "11",
    "70",
    "11",
    "15",
    "7"
  ],
  "n_nonzero_any_fold": 96,
  "stability_N": 500,
  "n_candidates": 96,
  "n_stable_75pct": 3,
  "n_pass_all_filters": 2,
  "overfitting_diagnostics": {
    "entropy": {
      "H": 3.5734,
      "H_normalized": 0.7829,
      "gini_concentration": 0.7114,
      "effective_features": 35.6,
      "interpretation": "BORDERLINE"
    },
    "jaccard": {
      "mean_jaccard": 0.1748,
      "pairwise_values": [
        0.1579,
        0.075,
        0.3333,
        0.2571,
        0.075,
        0.3247,
        0.1622,
        0.2051,
        0.0541,
        0.2778,
        0.1343,
        0.1429,
        0.0455,
        0.1389,
        0.15,
        0.2273,
        0.1875,
        0.1538,
        0.0952,
        0.1,
        0.1096,
        0.1579,
        0.2381,
        0.125,
        0.1515,
        0.1194,
        0.5581,
        0.1719,
        0.197,
        0.1094,
        0.0952,
        0.1389,
        0.2778,
        0.1739,
        0.1875,
        0.1096,
        0.1,
        0.1818,
        0.125,
        0.125,
        0.1644,
        0.0694,
        0.3,
        0.2857,
        0.2941
      ],
      "interpretation": "UNSTABLE (likely noise memorization)"
    }
  }
}