{
  "best_params": {
    "num_leaves": 36,
    "min_data_in_leaf": 3,
    "feature_fraction": 0.02266337993693387,
    "feature_fraction_bynode": 0.2730581455906657,
    "bagging_fraction": 0.5556276287054946,
    "lambda_l1": 0.04831252141632546,
    "lambda_l2": 13.485577980037103,
    "min_gain_to_split": 4.133872408057559,
    "max_depth": 11
  },
  "phase1_best_value": 0.972300603457918,
  "validation_best_value": 0.9366823093392673,
  "validation_results": [
    {
      "trial_number": 19,
      "phase1_mlogloss": 0.972300603457918,
      "validation_mlogloss": 0.9428545493685836,
      "params": {
        "num_leaves": 16,
        "min_data_in_leaf": 5,
        "feature_fraction": 0.021447626908291405,
        "feature_fraction_bynode": 0.5461197715711312,
        "bagging_fraction": 0.7796628935113674,
        "lambda_l1": 0.04266530527694405,
        "lambda_l2": 6.241524126368265,
        "min_gain_to_split": 1.9211297995583252,
        "max_depth": 9
      }
    },
    {
      "trial_number": 18,
      "phase1_mlogloss": 0.9735855831046994,
      "validation_mlogloss": 0.9366823093392673,
      "params": {
        "num_leaves": 36,
        "min_data_in_leaf": 3,
        "feature_fraction": 0.02266337993693387,
        "feature_fraction_bynode": 0.2730581455906657,
        "bagging_fraction": 0.5556276287054946,
        "lambda_l1": 0.04831252141632546,
        "lambda_l2": 13.485577980037103,
        "min_gain_to_split": 4.133872408057559,
        "max_depth": 11
      }
    },
    {
      "trial_number": 24,
      "phase1_mlogloss": 0.9738092884440542,
      "validation_mlogloss": 0.9467629186402393,
      "params": {
        "num_leaves": 69,
        "min_data_in_leaf": 8,
        "feature_fraction": 0.04732495539839001,
        "feature_fraction_bynode": 0.3145244897784496,
        "bagging_fraction": 0.5460346032227954,
        "lambda_l1": 0.03144817940497708,
        "lambda_l2": 9.441688025475564,
        "min_gain_to_split": 4.00841380649253,
        "max_depth": 12
      }
    }
  ],
  "final_mean_accuracy": 0.5179688401395242,
  "final_mean_sortino": 5704929882.894694,
  "n_features": 2586541,
  "n_valid_samples": 5719,
  "phase1_time": 5917.174822330475,
  "validation_time": 5724.386643409729,
  "final_time": 5412.218753576279,
  "warmstart_from": null,
  "phase1_trials": 25,
  "validation_top_k": 3,
  "row_subsample": 1.0
}